CPU,Price (Euros)
Intel Core i5 2.3GHz,"1339,69"
Intel Core i5 1.8GHz,"898,94"
Intel Core i5 7200U 2.5GHz,"575,00"
Intel Core i7 2.7GHz,"2537,45"
Intel Core i5 3.1GHz,"1803,60"
AMD A9-Series 9420 3GHz,"400,00"
Intel Core i7 2.2GHz,"2139,97"
Intel Core i5 1.8GHz,"1158,70"
Intel Core i7 8550U 1.8GHz,"1495,00"
Intel Core i5 8250U 1.6GHz,"770,00"
Intel Core i5 7200U 2.5GHz,"393,90"
Intel Core i3 6006U 2GHz,"344,99"
Intel Core i7 2.8GHz,"2439,97"
Intel Core i3 6006U 2GHz,"498,90"
Intel Core M m3 1.2GHz,"1262,40"
Intel Core i5 2.3GHz,"1518,55"
Intel Core i7 7500U 2.7GHz,"745,00"
Intel Core i7 2.9GHz,"2858,00"
Intel Core i3 7100U 2.4GHz,"499,00"
Intel Core i5 8250U 1.6GHz,"979,00"
Intel Atom x5-Z8350 1.44GHz,"191,90"
Intel Core i5 7300HQ 2.5GHz,"999,00"
AMD E-Series E2-9000e 1.5GHz,"258,00"
Intel Core i5 8250U 1.6GHz,"819,00"
Intel Core i7 8550U 1.8GHz,"659,00"
Intel Core i3 6006U 2GHz,"418,64"
Intel Core i5 1.6GHz,"1099,00"
Intel Core i5 8250U 1.6GHz,"800,00"
Intel Core i7 8650U 1.9GHz,"1298,00"
Intel Core i5 8250U 1.6GHz,"896,00"
Intel Atom x5-Z8300 1.44GHz,"244,99"
AMD E-Series E2-6110 1.5GHz,"199,00"
AMD A6-Series 9220 2.5GHz,"439,00"
Intel Core i7 8550U 1.8GHz,"1869,00"
Intel Core i5 1.6GHz,"998,00"
Intel Celeron Dual Core N3350 1.1GHz,"249,00"
Intel Core i3 7130U 2.7GHz,"367,00"
Intel Core i5 8250U 1.6GHz,"979,00"
Intel Core i5 7200U 2.5GHz,"488,69"
Intel Core i5 8250U 1.6GHz,"879,00"
Intel Core i3 6006U 2GHz,"389,00"
Intel Core i7 7700HQ 2.8GHz,"1499,00"
Intel Core i5 7200U 2.5GHz,"522,99"
Intel Core i5 8250U 1.6GHz,"682,00"
Intel Core i5 8250U 1.6GHz,"999,00"
Intel Core i5 2.0GHz,"1419,00"
Intel Core i3 6006U 2GHz,"369,00"
AMD Ryzen 1700 3GHz,"1299,00"
Intel Core i5 7200U 2.5GHz,"639,00"
Intel Pentium Quad Core N4200 1.1GHz,"466,00"
Intel Atom x5-Z8550 1.44GHz,"319,00"
Intel Core i7 8550U 1.8GHz,"841,00"
AMD A6-Series 9220 2.5GHz,"398,49"
Intel Core i7 8550U 1.8GHz,"1103,00"
Intel Core i3 7100U 2.4GHz,"384,00"
Intel Core i7 8550U 1.8GHz,"767,80"
Intel Core i3 6006U 2GHz,"439,00"
Intel Core i5 7200U 2.5GHz,"586,19"
Intel Core i7 7700HQ 2.8GHz,"2449,00"
Intel Core i3 6006U 2GHz,"415,00"
Intel Core i7 8550U 1.8GHz,"1299,00"
Intel Core i5 8250U 1.6GHz,"879,00"
Intel Core i3 7130U 2.7GHz,"599,00"
Intel Core i5 8250U 1.6GHz,"941,00"
Intel Core i5 7200U 2.5GHz,"690,00"
Intel Core i7 7700HQ 2.8GHz,"1983,00"
Intel Core i3 6006U 2GHz,"438,69"
Intel Celeron Dual Core N3060 1.6GHz,"229,00"
Intel Core i5 7200U 2.5GHz,"549,00"
Intel Core i7 7700HQ 2.8GHz,"949,00"
Intel Core i5 7200U 2.5GHz,"1089,00"
Intel Core i7 8550U 1.8GHz,"955,00"
Intel Core i7 8550U 1.8GHz,"870,00"
Intel Core i5 7300HQ 2.5GHz,"1095,00"
Intel Core i3 6006U 2GHz,"389,00"
Intel Core i7 7700HQ 2.8GHz,"949,00"
Intel Core i5 7200U 2.5GHz,"519,00"
Intel Core i7 8550U 1.8GHz,"855,00"
Intel Core i3 7130U 2.7GHz,"530,00"
Intel Core i5 8250U 1.6GHz,"977,00"
Intel Core i5 8250U 1.6GHz,"1096,16"
Intel Core i5 1.3GHz,"1510,00"
Intel Core i5 8250U 1.6GHz,"860,00"
AMD A6-Series 9220 2.5GHz,"399,00"
AMD A9-Series 9420 3GHz,"395,00"
Intel Core i7 7700HQ 2.8GHz,"1349,00"
Intel Core i7 8550U 1.8GHz,"699,00"
Intel Core i5 7200U 2.5GHz,"598,99"
Intel Core i7 7700HQ 2.8GHz,"1449,00"
Intel Core i7 8550U 1.8GHz,"1649,00"
AMD FX 9830P 3GHz,"699,00"
Intel Core i7 8550U 1.8GHz,"689,00"
Intel Core i7 8550U 1.8GHz,"1197,00"
Intel Core i5 7300HQ 2.5GHz,"1195,00"
Intel Core i7 7500U 2.7GHz,"1049,00"
Intel Core i5 8250U 1.6GHz,"847,00"
Intel Core i7 7500U 2.7GHz,"599,90"
Intel Core i3 6006U 2GHz,"485,00"
Intel Core i3 7100U 2.4GHz,"577,00"
Intel Core i7 7700HQ 2.8GHz,"1249,00"
Intel Core i7 7500U 2.7GHz,"719,00"
AMD E-Series E2-9000e 1.5GHz,"349,00"
Intel Core i5 8250U 1.6GHz,"647,00"
Intel Core i7 7500U 2.7GHz,"1119,00"
Intel Core i5 7200U 2.5GHz,"1340,00"
Intel Core i5 7200U 2.5GHz,"659,00"
Intel Core i3 6006U 2GHz,"414,90"
Intel Core i7 7500U 2.7GHz,"1193,00"
Intel Core i7 7700HQ 2.8GHz,"1299,00"
Intel Core i7 7500U 2.7GHz,"1480,00"
Intel Core i7 8550U 1.8GHz,"1262,00"
Intel Core i7 7560U 2.4GHz,"1379,00"
Intel Core i5 7200U 2.5GHz,"1399,00"
Intel Core i5 8250U 1.6GHz,"722,00"
Intel Core i5 8250U 1.6GHz,"1629,00"
Intel Core i5 8250U 1.6GHz,"1398,99"
Intel Core i7 8550U 1.8GHz,"1084,00"
Intel Core i7 8550U 1.8GHz,"1130,33"
Intel Core i3 6006U 2GHz,"564,00"
Intel Core i7 8550U 1.8GHz,"1118,00"
Intel Core i3 7100U 2.4GHz,"479,00"
Intel Core i7 7700HQ 2.8GHz,"2241,50"
Intel Core i5 7200U 2.5GHz,"629,00"
Intel Core i7 8550U 1.8GHz,"1271,00"
AMD A9-Series 9420 3GHz,"451,00"
Intel Celeron Dual Core N3060 1.6GHz,"259,00"
Intel Core i5 8250U 1.6GHz,"812,00"
AMD E-Series 6110 1.5GHz,"277,99"
Intel Core i7 8550U 1.8GHz,"1396,00"
Intel Core i5 8250U 1.6GHz,"928,00"
Intel Core i5 7200U 2.5GHz,"638,99"
Intel Core i3 6006U 2GHz,"449,00"
Intel Core i7 8550U 1.8GHz,"884,00"
Intel Core i3 7130U 2.7GHz,"572,00"
Intel Core i7 7500U 2.7GHz,"598,00"
Intel Core i7 8550U 1.8GHz,"988,00"
Intel Celeron Dual Core N3350 1.1GHz,"252,36"
Intel Core i5 7300HQ 2.5GHz,"938,00"
Intel Core i5 7200U 2.5GHz,"499,00"
Intel Core i5 7200U 2.5GHz,"699,00"
Intel Core i3 7130U 2.7GHz,"655,00"
Intel Core i5 8250U 1.6GHz,"1116,02"
Intel Core i7 7700HQ 2.8GHz,"869,00"
Intel Core i5 6200U 2.3GHz,"602,00"
AMD A6-Series 9220 2.5GHz,"369,00"
Intel Core i7 8550U 1.8GHz,"1099,00"
Intel Core M 6Y75 1.2GHz,"2014,00"
Intel Celeron Dual Core N3350 1.1GHz,"344,00"
Intel Core i7 7700HQ 2.8GHz,"2029,00"
Intel Core i3 6006U 2GHz,"447,00"
Intel Core i7 7700HQ 2.8GHz,"1249,26"
Intel Core i7 7700HQ 2.8GHz,"899,00"
Intel Core i5 7200U 2.5GHz,"498,00"
Intel Core i7 7700HQ 2.8GHz,"1890,00"
Intel Core i5 7500U 2.7GHz,"1082,00"
Intel Core i5 8250U 1.6GHz,"619,00"
Intel Core i3 7100U 2.4GHz,"629,00"
Intel Core i5 8250U 1.6GHz,"1315,00"
Intel Core i7 8550U 1.8GHz,"1049,00"
Intel Core i3 6006U 2.2GHz,"447,00"
AMD A9-Series 9420 3GHz,"403,00"
Intel Core i5 8250U 1.6GHz,"805,00"
Intel Core i5 8250U 1.6GHz,"728,00"
Intel Core i7 7700HQ 2.8GHz,"1079,00"
Intel Celeron Dual Core N3350 1.1GHz,"348,00"
Intel Core i7 7700HQ 2.8GHz,"1799,00"
Intel Pentium Quad Core N4200 1.1GHz,"363,51"
Intel Core i7 7700HQ 2.8GHz,"1060,49"
Intel Core i5 8250U 1.6GHz,"854,00"
Intel Core i5 8250U 1.6GHz,"754,00"
Intel Core i5 7200U 2.5GHz,"1349,00"
Intel Core i5 7200U 2.5GHz,"699,00"
AMD A6-Series 9220 2.9GHz,"309,00"
Intel Core i3 7100U 2.4GHz,"489,00"
Intel Core i5 8250U 1.6GHz,"923,00"
Intel Core i3 7100U 2.4GHz,"459,00"
Intel Core i3 6006U 2GHz,"449,00"
Intel Core i7 6920HQ 2.9GHz,"2799,00"
Intel Core i5 7200U 2.5GHz,"813,00"
Intel Core i5 8250U 1.6GHz,"1499,00"
Intel Core i7 8550U 1.8GHz,"1049,00"
Intel Core i5 8250U 1.6GHz,"1399,00"
Intel Core i7 8550U 1.8GHz,"1849,00"
Intel Core i5 7200U 2.5GHz,"793,00"
Intel Core i5 8250U 1.6GHz,"1199,00"
Intel Core i7 8550U 1.8GHz,"1549,00"
Intel Core i7 7700HQ 2.8GHz,"2397,00"
Intel Core i5 7300HQ 2.5GHz,"779,00"
Intel Core i5 7Y54 1.2GHz,"989,00"
Intel Core i7 8550U 1.8GHz,"1085,00"
Intel Core i7 7500U 2.7GHz,"2824,00"
Intel Celeron Dual Core N3350 1.1GHz,"260,00"
Intel Core i5 7200U 2.5GHz,"999,90"
Intel Core i5 8250U 1.6GHz,"698,00"
Intel Core i7 8550U 1.8GHz,"839,00"
Intel Core i5 8250U 1.6GHz,"914,00"
Intel Core i7 7820HK 2.9GHz,"6099,00"
Intel Core i5 8250U 1.6GHz,"959,00"
Intel Core i7 7700HQ 2.8GHz,"1379,00"
Intel Core i7 8550U 1.8GHz,"1045,00"
Intel Core i7 7700HQ 2.8GHz,"1845,00"
Intel Core i5 6200U 2.3GHz,"493,00"
Intel Core i7 7500U 2.7GHz,"742,00"
Intel Core i7 7700HQ 2.8GHz,"1749,00"
Intel Xeon E3-1505M V6 3GHz,"3055,00"
Intel Core i7 7700HQ 2.8GHz,"1398,00"
Intel Core i3 7100U 2.4GHz,"439,00"
Intel Core i7 8550U 1.8GHz,"1949,00"
Intel Core i7 8550U 1.8GHz,"1449,00"
Intel Core i5 7200U 2.5GHz,"597,00"
Intel Core i7 7700HQ 2.8GHz,"779,00"
Intel Core i7 7700HQ 2.8GHz,"1407,00"
Intel Core i3 6006U 2GHz,"349,00"
Intel Core i5 7200U 2.5GHz,"549,00"
Intel Core i7 7500U 2.7GHz,"1499,00"
Intel Core i7 8550U 1.8GHz,"931,88"
Intel Core i5 7200U 2.5GHz,"589,00"
Intel Core i7 8550U 1.8GHz,"1031,00"
Intel Core i5 8250U 1.6GHz,"1149,00"
Intel Core i7 8550U 1.8GHz,"1279,00"
Intel Core i5 8250U 1.6GHz,"677,35"
Intel Core i5 8250U 1.6GHz,"899,00"
Intel Core i7 6500U 2.5GHz,"1363,00"
Intel Core i5 8250U 1.6GHz,"794,00"
Intel Core i7 7700HQ 2.8GHz,"2456,34"
Intel Core i7 7500U 2.7GHz,"832,00"
Intel Core i7 7500U 2.7GHz,"859,01"
Intel Core i5 7200U 2.5GHz,"769,00"
Intel Core i5 7200U 2.5GHz,"891,00"
Intel Core i7 7500U 2.7GHz,"1269,00"
Intel Core i3 7100U 2.4GHz,"398,99"
AMD E-Series 9000e 1.5GHz,"330,00"
Intel Core i7 7700HQ 2.8GHz,"1499,00"
Intel Core i5 7200U 2.5GHz,"859,00"
Intel Core i5 6200U 2.3GHz,"689,00"
Intel Core i7 7500U 2.7GHz,"899,00"
Intel Core i3 6006U 2GHz,"390,00"
AMD A10-Series A10-9620P 2.5GHz,"575,00"
Intel Core i7 7820HK 2.9GHz,"3890,00"
Intel Core i5 7300HQ 2.5GHz,"846,00"
Intel Core i3 6006U 2GHz,"589,00"
Intel Core i7 8550U 1.8GHz,"1145,00"
Intel Core i7 7500U 2.7GHz,"889,00"
Intel Core i5 7300HQ 2.5GHz,"879,00"
Intel Core i7 7500U 2.7GHz,"1079,00"
Intel Core i7 8550U 1.8GHz,"985,00"
Intel Core i5 7200U 2.5GHz,"559,00"
Intel Core i7 7820HK 2.9GHz,"2999,00"
Intel Core i5 8250U 1.6GHz,"675,00"
Intel Core i5 3.1GHz,"2040,00"
Intel Core i7 8550U 1.8GHz,"819,00"
Intel Core i7 7700HQ 2.8GHz,"1799,00"
AMD A9-Series 9420 3GHz,"469,00"
Intel Core i7 8550U 1.8GHz,"1849,00"
Intel Core i3 7130U 2.7GHz,"702,00"
Intel Core i5 8250U 1.6GHz,"949,00"
AMD A6-Series A6-9220 2.5GHz,"445,90"
Intel Core i7 8550U 1.8GHz,"1059,00"
Intel Core i7 7700HQ 2.8GHz,"2499,00"
Intel Core i7 7700HQ 2.8GHz,"1699,00"
Intel Core i7 8550U 1.8GHz,"1142,00"
Intel Core i3 6006U 2GHz,"444,00"
Intel Core i5 8250U 1.6GHz,"722,00"
Intel Core i5 7200U 2.5GHz,"657,00"
Intel Core i5 7200U 2.5GHz,"565,00"
Intel Core i5 8250U 1.6GHz,"799,00"
Intel Core i7 8550U 1.8GHz,"1499,00"
Intel Core i5 7200U 2.5GHz,"467,00"
Intel Core i7 8550U 1.8GHz,"1018,00"
Intel Core i7 8550U 1.8GHz,"880,00"
Intel Core i5 2.9GHz,"1958,90"
AMD Ryzen 1700 3GHz,"1549,00"
Intel Core i7 8550U 1.8GHz,"735,07"
Intel Core i7 6600U 2.6GHz,"2499,00"
Intel Core i7 6500U 2.5GHz,"812,00"
Intel Core i7 7500U 2.7GHz,"713,07"
Intel Core i7 8550U 1.8GHz,"1099,00"
Intel Core i7 8550U 1.8GHz,"745,00"
Intel Core i3 6006U 2GHz,"489,00"
Intel Core i7 8550U 1.8GHz,"849,00"
Intel Core i7 7500U 2.7GHz,"859,00"
Intel Core i3 6006U 2.0GHz,"428,00"
Intel Core i5 7300HQ 2.5GHz,"829,00"
Intel Core i5 7200U 2.5GHz,"579,00"
Intel Core i7 8550U 1.8GHz,"951,00"
Intel Core i7 7500U 2.7GHz,"659,00"
Intel Core i7 7500U 2.7GHz,"1097,00"
Intel Core i5 7200U 2.5GHz,"977,00"
Intel Core i7 7700HQ 2.8GHz,"1179,00"
Intel Core i7 7500U 2.7GHz,"659,01"
Intel Celeron Dual Core 3205U 1.5GHz,"199,00"
Intel Core i7 7700HQ 2.8GHz,"1187,00"
Intel Core i3 6006U 2GHz,"489,00"
Intel Core i7 7700HQ 2.8GHz,"1829,00"
Intel Core i5 8250U 1.6GHz,"739,00"
Intel Core i7 7700HQ 2.8GHz,"1299,00"
Intel Core i7 7700HQ 2.8GHz,"979,00"
Intel Core i7 7820HQ 2.9GHz,"2884,86"
AMD A10-Series 9600P 2.4GHz,"499,00"
Intel Core i7 7500U 2.7GHz,"1468,00"
Intel Core i3 7100U 2.4GHz,"509,00"
Intel Core i7 7700HQ 2.8GHz,"2122,00"
Intel Core i5 7200U 2.5GHz,"649,00"
Intel Core i5 7200U 2.5GHz,"549,00"
Intel Core i7 7700HQ 2.8GHz,"1265,00"
Intel Pentium Quad Core N4200 1.1GHz,"359,99"
Intel Core i7 7600U 2.8GHz,"1975,00"
Intel Core i7 6500U 2.5GHz,"1043,00"
Intel Core i5 7200U 2.5GHz,"819,00"
Intel Core i3 6006U 2GHz,"469,00"
Intel Core i5 7200U 2.5GHz,"999,00"
Intel Core i7 8550U 1.8GHz,"2499,00"
Intel Core i7 7700HQ 2.8GHz,"2099,00"
AMD A8-Series 7410 2.2GHz,"469,00"
Intel Celeron Dual Core N3350 1.1GHz,"275,00"
Intel Core i5 8250U 1.6GHz,"844,00"
Intel Core i7 8550U 1.8GHz,"2449,00"
Intel Celeron Dual Core 3855U 1.6GHz,"459,90"
Intel Core i5 7200U 2.5GHz,"980,00"
Intel Pentium Quad Core N3710 1.6GHz,"485,00"
Intel Core i7 7500U 2.7GHz,"1292,00"
Intel Core i5 7200U 2.5GHz,"589,00"
Intel Core i7 7500U 2.7GHz,"1094,00"
Intel Core i7 8550U 1.8GHz,"902,00"
AMD A12-Series 9720P 2.7GHz,"659,00"
Intel Celeron Dual Core N3350 1.1GHz,"292,00"
Intel Core i5 7200U 2.5GHz,"549,00"
Intel Core i7 7500U 2.7GHz,"1049,90"
Intel Core i7 7500U 2.7GHz,"1335,00"
Intel Core i7 7700HQ 2.8GHz,"2639,00"
Intel Core i7 7700HQ 2.8GHz,"1199,00"
Intel Core i5 7200U 2.5GHz,"943,00"
Intel Core i7 7500U 2.7GHz,"1334,00"
Intel Core i3 6006U 2GHz,"449,00"
Intel Core i7 7700HQ 2.8GHz,"999,00"
Intel Core i5 7300U 2.6GHz,"1268,00"
Intel Core i5 8250U 1.6GHz,"1049,00"
Intel Core i5 7200U 2.5GHz,"1144,00"
Intel Celeron Dual Core N3350 1.1GHz,"274,99"
Intel Core i5 8250U 1.6GHz,"1142,75"
Intel Celeron Dual Core N3060 1.6GHz,"274,90"
AMD A12-Series 9720P 3.6GHz,"899,00"
Intel Core i3 7100U 2.4GHz,"716,00"
Intel Core i7 8550U 1.8GHz,"2099,00"
Intel Core i7 8550U 1.8GHz,"1579,00"
Intel Core i7 7700HQ 2.8GHz,"1129,00"
Intel Celeron Dual Core N3060 1.6GHz,"279,00"
Intel Core i7 8650U 1.9GHz,"1607,96"
Intel Celeron Dual Core N3350 1.1GHz,"375,00"
Intel Core i5 8250U 1.6GHz,"663,00"
Intel Core i7 7700HQ 2.8GHz,"2027,42"
Intel Core i7 7500U 2.7GHz,"1304,00"
Intel Core i7 7700HQ 2.8GHz,"1409,00"
Intel Core i7 7700HQ 2.8GHz,"1738,27"
Intel Core i7 6500U 2.5GHz,"1403,00"
Intel Core i7 8550U 1.8GHz,"970,90"
Intel Celeron Dual Core N3350 1.1GHz,"321,99"
Intel Core i5 7300HQ 2.5GHz,"999,00"
Intel Core i5 7200U 2.5GHz,"557,37"
Intel Core i5 7300U 2.6GHz,"1427,00"
Intel Core i3 6006U 2GHz,"439,00"
Intel Core i5 7200U 2.5GHz,"945,00"
Intel Core i5 7200U 2.5GHz,"719,00"
Intel Core i5 7200U 2.5GHz,"639,00"
Intel Core i3 6006U 2GHz,"499,00"
Intel Pentium Quad Core N3710 1.6GHz,"389,00"
Intel Core i5 8250U 1.6GHz,"1085,00"
Intel Core i5 7300HQ 2.5GHz,"809,00"
Intel Core i7 7500U 2.7GHz,"899,00"
Intel Core i7 7500U 2.7GHz,"1750,00"
Intel Core i7 7500U 2.7GHz,"1099,00"
AMD A9-Series 9420 3GHz,"426,00"
AMD Ryzen 1700 3GHz,"2199,00"
AMD A8-Series 7410 2.2GHz,"489,00"
Intel Core i7 8550U 1.8GHz,"869,01"
AMD A9-Series 9420 3GHz,"488,99"
Intel Celeron Quad Core N3450 1.1GHz,"553,00"
Intel Celeron Dual Core N3060 1.60GHz,"309,00"
Intel Celeron Dual Core N3350 1.1GHz,"286,00"
Intel Core i7 7700HQ 2.8GHz,"846,00"
Intel Core i7 7700HQ 2.8GHz,"1191,00"
Intel Core i3 6006U 2GHz,"403,50"
Intel Core i7 7700HQ 2.8GHz,"1655,00"
Intel Core i5 7200U 2.5GHz,"1099,00"
Intel Core i7 7500U 2.7GHz,"1748,90"
Intel Core i7 7500U 2.7GHz,"2282,00"
Intel Core i3 7100U 2.4GHz,"549,00"
Intel Core i5 6440HQ 2.6GHz,"1369,00"
Intel Core i7 6820HQ 2.7GHz,"2135,00"
Intel Core i7 7500U 2.7GHz,"2509,00"
Intel Core i7 7700HQ 2.8GHz,"1039,00"
Intel Core i7 7700HQ 2.8GHz,"1591,00"
Intel Core i5 8250U 1.6GHz,"693,99"
Intel Core i7 7700HQ 2.8GHz,"1349,00"
Intel Core i7 7500U 2.7GHz,"778,87"
AMD A9-Series 9420 3GHz,"499,00"
Intel Core i7 8550U 1.8GHz,"1229,56"
Intel Core i5 7200U 2.5GHz,"938,00"
Intel Core i7 7700HQ 2.8GHz,"2712,00"
Intel Core i7 7500U 2.7GHz,"2625,00"
Intel Celeron Dual Core N3350 1.1GHz,"306,00"
Intel Core i7 7700HQ 2.8GHz,"1529,00"
Intel Core i5 8250U 1.6GHz,"1144,50"
Intel Core i7 7700HQ 2.8GHz,"879,00"
Intel Core i7 7700HQ 2.8GHz,"2249,00"
Intel Core i7 7500U 2.7GHz,"1873,00"
Intel Core i7 6500U 2.5GHz,"1747,00"
Intel Core i7 7600U 2.8GHz,"1680,00"
Intel Core i3 6006U 2GHz,"409,00"
Intel Celeron Dual Core N3350 1.1GHz,"304,45"
Intel Core i7 7700HQ 2.8GHz,"1925,00"
Intel Core i7 7700HQ 2.8GHz,"1943,00"
Intel Core i3 6006U 2GHz,"469,00"
Intel Core i7 6500U 2.5GHz,"789,01"
Intel Core i5 7200U 2.5GHz,"928,00"
Intel Core i5 7200U 2.5GHz,"598,90"
Intel Core i3 6006U 2GHz,"689,00"
Intel Core i7 6500U 2.5GHz,"1500,00"
Intel Core i5 7200U 2.5GHz,"539,95"
Intel Core i7 8550U 1.8GHz,"1215,38"
Intel Core i7 7700HQ 2.8GHz,"1899,00"
Intel Celeron Quad Core N3450 1.1GHz,"449,00"
Intel Core i7 7820HQ 2.9GHz,"1427,00"
Intel Core i3 7100U 2.4GHz,"597,00"
Intel Core i7 7820HK 2.9GHz,"2799,00"
Intel Core i7 7700HQ 2.8GHz,"1159,00"
Intel Core i7 8550U 1.8GHz,"1142,40"
Intel Core i7 7600U 2.8GHz,"1099,00"
Intel Core i7 7700HQ 2.8GHz,"1999,00"
Intel Celeron Dual Core N3350 1.1GHz,"299,00"
Intel Celeron Dual Core N3060 1.6GHz,"269,00"
Intel Core i7 7500U 2.7GHz,"1010,00"
Intel Core i3 7130U 2.7GHz,"599,00"
Intel Core i7 7600U 2.8GHz,"2445,00"
Intel Core i7 7820HQ 2.9GHz,"2449,00"
AMD Ryzen 1600 3.2GHz,"1695,00"
Intel Celeron Dual Core N3060 1.6GHz,"347,00"
Intel Core i7 7Y75 1.3GHz,"2199,00"
Intel Core i7 7500U 2.7GHz,"2382,00"
Intel Core i5 7200U 2.5GHz,"559,00"
AMD A6-Series 9220 2.5GHz,"519,00"
Intel Core i5 8250U 1.6GHz,"749,00"
Intel Core i5 7200U 2.5GHz,"1429,00"
Intel Pentium Quad Core N4200 1.1GHz,"349,00"
Intel Core i7 7700HQ 2.8GHz,"1099,00"
Intel Core i5 7440HQ 2.8GHz,"1179,00"
Intel Core i5 7200U 2.5GHz,"441,80"
Intel Xeon E3-1505M V6 3GHz,"1993,00"
Intel Core i5 7300HQ 2.5GHz,"1027,74"
Intel Core i7 7660U 2.5GHz,"2589,00"
Intel Core i5 7200U 2.5GHz,"589,00"
Intel Core i7 6820HQ 2.7GHz,"1975,00"
Intel Core i7 7820HQ 2.9GHz,"1534,00"
Intel Core i5 7200U 2.5GHz,"1345,00"
Intel Core i7 8550U 1.8GHz,"979,00"
Intel Pentium Quad Core N3710 1.6GHz,"479,00"
Intel Core i7 7700HQ 2.7GHz,"2046,00"
Intel Core M m3-7Y30 2.2GHz,"989,00"
Intel Core i7 7660U 2.5GHz,"1799,00"
Intel Core i3 6006U 2GHz,"639,90"
Intel Core i3 6006U 2GHz,"544,00"
Intel Celeron Dual Core N3060 1.6GHz,"435,00"
Intel Core i5 7200U 2.5GHz,"749,00"
Intel Core i7 7500U 2.7GHz,"799,00"
Intel Core i7 7820HQ 2.9GHz,"2090,00"
Intel Pentium Quad Core N4200 1.1GHz,"304,00"
Intel Core i3 6006U 2GHz,"469,00"
Intel Core i5 8250U 1.6GHz,"759,00"
Intel Core i7 7700HQ 2.8GHz,"1699,00"
Intel Core i7 6600U 2.6GHz,"1858,00"
Intel Core i7 8550U 1.8GHz,"1999,00"
Intel Core i5 7200U 2.5GHz,"1154,00"
Intel Core i5 7Y57 1.2GHz,"1275,00"
Intel Core i5 8250U 1.6GHz,"1841,85"
Intel Core i7 6700HQ 2.6GHz,"1299,00"
Intel Core i3 6100U 2.3GHz,"740,00"
Intel Core i7 7700HQ 2.8GHz,"2408,00"
Intel Core i5 7200U 2.5GHz,"1364,00"
Intel Core i5 8250U 1.6GHz,"675,00"
Intel Core i5 7200U 2.5GHz,"1672,00"
Intel Core i7 8550U 1.8GHz,"1262,00"
Intel Core i3 7100U 2.4GHz,"586,60"
Intel Core i5 8250U 1.6GHz,"726,00"
Intel Atom x5-Z8350 1.44GHz,"248,90"
Intel Core i3 6006U 2.0GHz,"565,00"
Intel Core i5 8250U 1.6GHz,"1049,00"
Intel Core i7 6820HQ 2.7GHz,"2338,00"
Intel Core i7 7700HQ 2.8GHz,"1899,00"
Intel Core i7 7500U 2.7GHz,"1798,00"
Intel Core i7 7500U 2.7GHz,"1950,00"
Intel Core i5 7200U 2.5GHz,"1011,99"
Intel Core i7 7500U 2.7GHz,"2799,00"
Intel Core i7 7700HQ 2.8GHz,"1350,00"
AMD A10-Series 9620P 2.5GHz,"579,00"
Intel Core i7 6700HQ 2.6GHz,"1269,00"
Intel Core i5 6200U 2.3GHz,"1099,00"
Intel Core i7 8550U 1.8GHz,"898,90"
Intel Core i7 7600U 2.8GHz,"1749,00"
Intel Core i3 7100U 2.4GHz,"949,00"
Intel Core i5 7200U 2.5GHz,"911,00"
Intel Celeron Dual Core N3350 1.1GHz,"340,00"
Intel Core i5 7200U 2.5GHz,"618,99"
Intel Core i5 8250U 1.6GHz,"1599,00"
Intel Celeron Dual Core N3350 1.1GHz,"299,00"
Intel Celeron Dual Core N3060 1.6GHz,"265,00"
Intel Core i5 7200U 2.5GHz,"949,00"
Intel Core i7 7500U 2.7GHz,"1224,00"
Intel Core i5 8250U 1.6GHz,"613,00"
Intel Core i7 7500U 2.7GHz,"1323,00"
Intel Core i7 7700HQ 2.8GHz,"1149,00"
Intel Core i5 7200U 2.5GHz,"899,00"
Intel Core i7 7500U 2.7GHz,"639,00"
Intel Core i5 7200U 2.5GHz,"836,00"
Intel Core i7 8550U 1.8GHz,"1219,24"
Intel Core i7 8550U 1.8GHz,"1399,95"
Intel Celeron Dual Core N3350 1.1GHz,"245,00"
Intel Core i5 8250U 1.6GHz,"521,47"
Intel Core i7 7700HQ 2.8GHz,"2968,00"
Intel Core i5 7200U 2.5GHz,"889,00"
Intel Core i7 7700HQ 2.8GHz,"1504,00"
Intel Core i7 7700HQ 2.8GHz,"1399,00"
Intel Core i7 7500U 2.7GHz,"1399,00"
Intel Core i5 7300U 2.6GHz,"1279,73"
Intel Core i3 6006U 2GHz,"689,00"
Intel Core i5 8250U 1.6GHz,"889,00"
Intel Core i5 6200U 2.3GHz,"1340,00"
Intel Core i7 7500U 2.7GHz,"799,00"
Intel Core i3 6006U 2GHz,"459,00"
Intel Core i5 7200U 2.5GHz,"585,00"
Intel Core i5 7440HQ 2.8GHz,"1377,00"
Intel Core i7 7700HQ 2.8GHz,"3012,77"
Intel Core i5 7200U 2.5GHz,"860,00"
Intel Core i7 7500U 2.7GHz,"1299,00"
Intel Celeron Quad Core N3450 1.1GHz,"369,00"
Intel Core i5 7300HQ 2.5GHz,"1649,00"
Intel Core i7 7600U 2.8GHz,"1369,00"
Intel Core i5 8250U 1.6GHz,"797,41"
Intel Pentium Quad Core N3710 1.6GHz,"398,99"
Intel Core i7 7700HQ 2.8GHz,"1799,00"
Intel Core i7 7500U 2.7GHz,"859,00"
Intel Core i7 8550U 1.8GHz,"1399,00"
Intel Core i3 6006U 2GHz,"735,87"
Intel Core i7 7500U 2.7GHz,"1145,00"
Intel Core i5 7300HQ 2.5GHz,"798,00"
AMD E-Series 7110 1.8GHz,"349,00"
Intel Core i3 7100U 2.4GHz,"705,50"
Intel Core i5 7200U 2.5GHz,"785,00"
Intel Core i5 6200U 2.3GHz,"462,35"
Intel Core i3 6006U 2GHz,"397,00"
Intel Core i7 7500U 2.7GHz,"1729,00"
Intel Core i3 6006U 2GHz,"499,00"
Intel Core i5 7200U 2.5GHz,"1116,99"
Intel Core i7 7700HQ 2.8GHz,"2699,00"
Intel Core i3 6006U 2GHz,"544,15"
Intel Core i7 7500U 2.7GHz,"1280,00"
Intel Celeron Dual Core N3350 1.1GHz,"224,00"
Intel Atom x5-Z8350 1.44GHz,"255,00"
Intel Core i7 7500U 2.7GHz,"949,00"
AMD A10-Series A10-9620P 2.5GHz,"568,90"
Intel Core i3 6006U 2GHz,"617,90"
Intel Celeron Dual Core N3350 2.0GHz,"349,00"
Intel Core i3 7130U 2.7GHz,"630,00"
Intel Core M 6Y75 1.2GHz,"1965,00"
Intel Core i7 7700HQ 2.8GHz,"2999,00"
Intel Core i5 7300HQ 2.5GHz,"839,00"
Intel Core i5 8250U 1.6GHz,"1599,00"
Intel Core i5 7300U 2.6GHz,"959,00"
Intel Core i5 7200U 2.5GHz,"739,00"
Intel Pentium Quad Core N4200 1.1GHz,"344,00"
Intel Core i5 7200U 2.5GHz,"990,00"
Intel Core i5 7440HQ 2.8GHz,"1860,99"
Intel Pentium Quad Core N3710 1.6GHz,"389,00"
AMD A9-Series A9-9420 3GHz,"649,00"
Intel Core i5 7200U 2.5GHz,"830,00"
Intel Core i5 8250U 1.6GHz,"685,00"
Intel Atom x5-Z8350 1.44GHz,"249,00"
Intel Core i7 7500U 2.7GHz,"1865,00"
Intel Core i7 6820HK 2.7GHz,"2663,00"
Intel Core i7 7820HK 2.9GHz,"2729,00"
Intel Core i7 7500U 2.7GHz,"749,01"
Intel Celeron Quad Core N3450 1.1GHz,"389,00"
Intel Core i5 7300U 2.6GHz,"1008,52"
Intel Core i3 7100U 2.4GHz,"719,00"
Intel Core i7 7600U 2.8GHz,"1537,39"
Intel Celeron Dual Core N3060 1.6GHz,"295,00"
Intel Core i7 6820HK 2.7GHz,"2349,00"
Intel Core i7 7700HQ 2.8GHz,"1498,00"
Intel Core i7 6600U 2.6GHz,"1673,00"
Intel Core i7 8550U 1.8GHz,"609,00"
Intel Core i5 7300HQ 2.5GHz,"1770,00"
Intel Core i5 7200U 2.5GHz,"739,00"
AMD A12-Series 9720P 3.6GHz,"949,00"
Intel Core M 7Y30 1.0GHz,"603,00"
Intel Core i7 7700HQ 2.8GHz,"1699,00"
Intel Core i3 6006U 2GHz,"529,00"
Intel Core i3 6100U 2.3GHz,"459,00"
Intel Core i7 7500U 2.7GHz,"2025,00"
Intel Core i5 7300HQ 2.5GHz,"1474,00"
Intel Core i5 7200U 2.5GHz,"1670,00"
Intel Core i7 7700HQ 2.8GHz,"1763,00"
Intel Core i7 7500U 2.7GHz,"1219,00"
Intel Core i3 7100U 2.4GHz,"668,48"
Intel Celeron Quad Core N3450 1.1GHz,"329,00"
Intel Core i7 6820HK 2.7GHz,"2199,00"
Intel Core i3 6006U 2GHz,"465,00"
Intel Core i7 7700HQ 2.8GHz,"2299,00"
Intel Core i7 6500U 2.5GHz,"1399,00"
Intel Core i5 7200U 2.5GHz,"564,00"
Intel Core i7 7700HQ 2.8GHz,"1299,00"
Intel Pentium Quad Core N3710 1.6GHz,"349,00"
Intel Xeon E3-1535M v6 3.1GHz,"4899,00"
Intel Core i7 6700HQ 2.6GHz,"879,01"
Intel Core i3 6006U 2.0GHz,"443,90"
Intel Core i3 6006U 2.0GHz,"359,00"
Intel Core i5 7300U 2.6GHz,"869,00"
Intel Core i7 7700HQ 2.8GHz,"1168,00"
Intel Core i5 7200U 2.5GHz,"569,00"
Intel Core i7 7500U 2.7GHz,"1389,00"
Intel Core i7 7700HQ 2.8GHz,"2267,86"
Intel Celeron Quad Core N3160 1.6GHz,"379,00"
Intel Core i5 7300U 2.6GHz,"1124,00"
Intel Core i5 6200U 2.3GHz,"1465,00"
Intel Core i5 8250U 1.6GHz,"776,00"
Intel Core i5 7200U 2.5GHz,"799,00"
Intel Core i5 6200U 2.3GHz,"932,00"
Intel Core i7 7500U 2.7GHz,"899,00"
Intel Atom x5-Z8350 1.44GHz,"239,00"
Intel Core i5 7200U 2.5GHz,"468,00"
Intel Core i5 7200U 2.5GHz,"639,01"
Intel Core i7 7700HQ 2.8GHz,"1820,00"
Intel Core i7 7500U 2.7GHz,"1900,00"
Intel Core i7 7700HQ 2.8GHz,"1479,00"
Intel Core i5 8250U 1.6GHz,"829,00"
Intel Core i3 6006U 2GHz,"579,00"
Intel Celeron Dual Core N3350 1.1GHz,"399,00"
Intel Core i5 7300HQ 2.5GHz,"906,62"
Intel Core i5 8250U 1.6GHz,"1869,00"
Intel Celeron Dual Core N3060 1.6GHz,"249,00"
Intel Core i7 7500U 2.7GHz,"1757,42"
Intel Core i7 7700HQ 2.8GHz,"2399,00"
Intel Core i7 7700HQ 2.8GHz,"1109,00"
AMD A9-Series 9420 3GHz,"520,90"
Intel Core i7 7500U 2.7GHz,"2450,00"
Intel Core i7 7700HQ 2.8GHz,"1169,00"
Intel Core i3 6006U 2GHz,"450,00"
Intel Celeron Dual Core N3060 1.6GHz,"274,00"
Intel Core i5 7200U 2.5GHz,"919,00"
Intel Core i7 7700HQ 2.8GHz,"2599,00"
Intel Core i5 6200U 2.3GHz,"1213,00"
Intel Core i7 7500U 2.7GHz,"1584,00"
Intel Core i7 6820HK 2.7GHz,"2799,00"
Intel Core i5 7300HQ 2.5GHz,"709,00"
Intel Core i5 8250U 1.6GHz,"1449,90"
Intel Core i7 7700HQ 2.8GHz,"1191,80"
Intel Core i3 6006U 2GHz,"364,90"
Intel Core i5 7200U 2.5GHz,"1064,00"
Intel Core i7 8550U 1.8GHz,"919,00"
Intel Core i7 8550U 1.8GHz,"1135,00"
Intel Core i7 6700HQ 2.6GHz,"1196,00"
Intel Core i7 7700HQ 2.8GHz,"3147,37"
Intel Core i5 6300U 2.4GHz,"1229,00"
Intel Celeron Dual Core N3350 1.1GHz,"419,00"
Intel Core i5 6200U 2.3GHz,"535,00"
Intel Core i3 6006U 2GHz,"539,00"
Intel Core i7 7700HQ 2.8GHz,"1486,77"
Intel Core i3 6100U 2.1GHz,"498,00"
Intel Core i5 7200U 2.5GHz,"955,00"
Intel Core i7 7500U 2.7GHz,"745,00"
Intel Core i5 7200U 2.5GHz,"1258,00"
Intel Core i3 6006U 2GHz,"412,00"
Intel Core i7 7600U 2.8GHz,"1867,85"
Intel Core i5 7200U 2.5GHz,"817,95"
Intel Core i5 7200U 2.5GHz,"1034,00"
AMD E-Series E2-9000 2.2GHz,"349,00"
Intel Core i3 7100U 2.4GHz,"699,00"
Intel Core i7 7700HQ 2.8GHz,"1294,00"
Intel Core i5 7200U 2.5GHz,"1135,00"
Intel Celeron Dual Core N3350 1.1GHz,"495,00"
Intel Core i7 8550U 1.8GHz,"2299,00"
Intel Core i5 7300HQ 2.5GHz,"1299,00"
Intel Core i5 7300HQ 2.5GHz,"997,90"
Intel Celeron Dual Core N3350 1.1GHz,"419,00"
Intel Core i5 7300HQ 2.5GHz,"2051,00"
Intel Core i3 6006U 2GHz,"699,00"
Intel Core i7 8550U 1.8GHz,"1499,00"
Intel Core i7 7820HK 2.9GHz,"2813,75"
Intel Core i5 7200U 2.5GHz,"612,61"
Intel Core i3 6006U 2GHz,"545,67"
AMD A10-Series 9600P 2.4GHz,"569,00"
Intel Celeron Dual Core 3855U 1.6GHz,"318,00"
Intel Celeron Dual Core 3855U 1.6GHz,"375,00"
Intel Core i5 7200U 2.5GHz,"699,00"
Intel Core i7 7700HQ 2.8GHz,"1907,99"
Intel Core i7 7500U 2.7GHz,"2590,00"
Intel Core i5 7200U 2.5GHz,"973,00"
Intel Celeron Dual Core N3050 1.6GHz,"269,00"
Intel Core i7 7500U 2.7GHz,"1749,00"
Intel Core M M3-6Y30 0.9GHz,"669,00"
Intel Core i7 6500U 2.5GHz,"1877,00"
Intel Core i7 7500U 2.7GHz,"689,00"
Intel Core i5 7300HQ 2.5GHz,"819,00"
AMD A9-Series 9420 2.9GHz,"399,00"
AMD A12-Series 9720P 3.6GHz,"429,00"
Intel Core i5 7200U 2.5GHz,"621,45"
Intel Core i3 6006U 2GHz,"450,00"
Intel Core i5 7200U 2.5GHz,"795,00"
Intel Core i5 8250U 1.6GHz,"999,00"
Intel Core i7 6500U 2.5GHz,"1855,00"
Intel Core i5 6300HQ 2.3GHz,"1191,00"
AMD A10-Series 9620P 2.5GHz,"655,01"
Intel Core i7 7700HQ 2.8GHz,"1249,00"
Intel Core i5 7440HQ 2.8GHz,"1089,00"
Intel Core i5 7200U 2.5GHz,"726,00"
Intel Celeron Dual Core N3350 1.1GHz,"298,00"
Intel Core i5 7300U 2.6GHz,"1426,66"
Intel Core i5 7200U 2.5GHz,"857,07"
Intel Core i5 7300U 2.6GHz,"1179,00"
AMD A6-Series 7310 2GHz,"298,00"
Intel Atom Z8350 1.92GHz,"265,00"
Intel Core i7 7500U 2.7GHz,"1200,00"
Intel Core i7 6500U 2.5GHz,"1686,64"
Intel Core i5 7200U 2.5GHz,"836,60"
Intel Core i5 7200U 2.5GHz,"1499,00"
Intel Core i7 7700HQ 2.8GHz,"3659,40"
Intel Core i7 7700HQ 2.8GHz,"1348,48"
Intel Core i5 7200U 2.5GHz,"489,90"
Intel Core i5 8250U 1.6GHz,"719,00"
Intel Core i3 7100U 2.4GHz,"649,00"
Intel Core i5 7200U 2.5GHz,"589,52"
AMD A9-Series 9420 3GHz,"489,00"
Intel Core i7 6700HQ 2.6GHz,"1935,00"
Intel Core i5 7200U 2.5GHz,"649,00"
AMD A9-Series A9-9420 3GHz,"650,00"
Intel Core i5 7200U 2.5GHz,"559,00"
Intel Core i5 7200U 2.5GHz,"960,00"
Intel Core i7 7500U 2.7GHz,"779,00"
Intel Core i7 7700HQ 2.8GHz,"2419,00"
Intel Core i5 8250U 1.6GHz,"659,00"
Intel Core i7 7700HQ 2.8GHz,"2094,48"
Intel Core i3 6006U 2GHz,"410,80"
Intel Core i7 7500U 2.7GHz,"1207,00"
Intel Core i3 6006U 2GHz,"665,00"
Intel Core i5 7200U 2.5GHz,"1535,00"
Intel Core i5 7200U 2.5GHz,"999,00"
Intel Core i7 7600U 2.8GHz,"3299,00"
Intel Celeron Dual Core N3060 1.6GHz,"330,00"
Intel Core i7 7500U 2.7GHz,"1649,00"
Intel Core i3 6006U 2GHz,"539,00"
Intel Core i5 7200U 2.5GHz,"1126,71"
Intel Xeon E3-1535M v5 2.9GHz,"4389,00"
Intel Celeron Dual Core N3060 1.6GHz,"475,00"
Intel Core i5 6300U 2.4GHz,"1900,00"
Intel Core i5 6300HQ 2.3GHz,"579,00"
Intel Core i5 6200U 2.3GHz,"1096,00"
Intel Core i7 7500U 2.7GHz,"849,90"
Intel Core i5 6260U 1.8GHz,"1199,00"
Intel Core i5 7300HQ 2.5GHz,"1099,00"
Intel Core i7 6700HQ 2.6GHz,"1561,00"
Intel Core i7 7700HQ 2.8GHz,"2868,99"
Intel Core i5 7200U 2.5GHz,"599,00"
Intel Core i7 7700HQ 2.8GHz,"1048,00"
Intel Core i7 7600U 2.8GHz,"1859,00"
Intel Core i5 7Y57 1.2GHz,"1559,00"
Intel Core i5 7200U 2.5GHz,"1129,00"
Intel Core i3 6006U 2GHz,"849,00"
Intel Core i5 6200U 2.3GHz,"655,00"
Intel Pentium Quad Core N4200 1.1GHz,"470,34"
Intel Core i7 6700HQ 2.6GHz,"1099,00"
Intel Core i7 7500U 2.7GHz,"1599,00"
Intel Pentium Quad Core N4200 1.1GHz,"298,00"
Intel Core i7 7500U 2.7GHz,"1181,27"
Intel Core i7 7500U 2.7GHz,"1799,00"
Intel Core i5 6200U 2.3GHz,"1020,00"
Intel Core i7 7700HQ 2.8GHz,"1099,00"
Intel Core i5 6200U 2.3GHz,"1244,00"
Intel Core i7 7500U 2.7GHz,"839,00"
Intel Core i7 6820HQ 2.7GHz,"2370,00"
Intel Core i3 7100U 2.4GHz,"636,00"
Intel Core i7 7700HQ 2.8GHz,"2899,00"
Intel Pentium Dual Core N4200 1.1GHz,"581,90"
Intel Core i7 7700HQ 2.8GHz,"3588,80"
Intel Core i7 6700HQ 2.6GHz,"2350,00"
Intel Core i7 6600U 2.6GHz,"1764,00"
Intel Celeron Quad Core N3710 1.6GHz,"329,00"
Intel Core i7 7500U 2.7GHz,"2299,00"
Intel Core i7 7700HQ 2.8GHz,"1891,00"
Intel Core i5 7300HQ 2.5GHz,"1089,00"
Intel Core i7 7700HQ 2.8GHz,"999,00"
Intel Core i7 7700HQ 2.8GHz,"2299,00"
Intel Core i5 7300HQ 2.5GHz,"985,00"
Intel Core i7 7700HQ 2.8GHz,"1339,00"
Intel Celeron Dual Core N3350 1.1GHz,"202,90"
Intel Core i7 7500U 2.7GHz,"1970,00"
Intel Core i5 7200U 2.5GHz,"959,00"
Intel Core M 1.2GHz,"1165,00"
Intel Core i5 7200U 2.5GHz,"2330,00"
Intel Celeron Dual Core N3350 1.1GHz,"299,00"
Intel Core i5 7200U 2.5GHz,"810,00"
Intel Core i7 7500U 2.7GHz,"1349,00"
Intel Core i3 6006U 2GHz,"739,00"
Intel Core i7 7700HQ 2.8GHz,"2064,90"
Intel Core i5 7200U 2.5GHz,"1099,00"
Intel Core i5 7200U 2.5GHz,"1499,00"
Intel Core i5 7300HQ 2.5GHz,"1749,00"
Intel Pentium Quad Core N4200 1.1GHz,"744,00"
Intel Core i5 7300U 2.6GHz,"1389,00"
Intel Core i5 6200U 2.3GHz,"780,00"
AMD A12-Series 9700P 2.5GHz,"629,00"
Intel Core i7 7700HQ 2.8GHz,"1679,00"
Intel Core i5 7200U 2.5GHz,"609,00"
Intel Core i7 7700HQ 2.8GHz,"1749,00"
Intel Core i7 7700HQ 2.8GHz,"2415,00"
Intel Core i5 7200U 2.5GHz,"1499,00"
Intel Core i7 7500U 2.7GHz,"961,00"
Intel Core i5 7200U 2.5GHz,"789,81"
Intel Core i7 7500U 2.7GHz,"1859,00"
Intel Core i7 7500U 2.5GHz,"1799,00"
Intel Celeron Dual Core N3060 1.6GHz,"385,00"
Intel Core i7 7700HQ 2.8GHz,"2505,02"
Intel Core i5 6200U 2.3GHz,"755,00"
Intel Core i3 6006U 2GHz,"489,90"
Intel Core i5 7200U 2.5GHz,"1090,00"
Intel Core i7 7500U 2.7GHz,"2499,00"
Intel Core i5 7300HQ 2.5GHz,"1199,00"
Intel Core i5 7200U 2.5GHz,"1875,00"
Intel Pentium Dual Core 4405U 2.1GHz,"499,00"
Intel Core i5 7200U 2.5GHz,"1358,00"
Intel Core i3 6006U 2GHz,"585,00"
Intel Celeron Dual Core N3060 1.6GHz,"355,00"
Intel Core i3 7100U 2.4GHz,"619,00"
Intel Core i7 7820HK 2.9GHz,"5499,00"
Intel Core i7 6600U 2.6GHz,"2099,00"
Intel Core i5 7200U 2.5GHz,"519,00"
Intel Core i5 6200U 2.3GHz,"1186,00"
Intel Core i5 7300U 2.6GHz,"1650,00"
Intel Core i7 7700HQ 2.8GHz,"2774,63"
Intel Core i7 7700HQ 2.8GHz,"2419,00"
Intel Core i3 7100U 2.4GHz,"669,00"
Intel Celeron Quad Core N3160 1.6GHz,"325,00"
Intel Core i5 7200U 2.5GHz,"590,00"
Intel Core i7 6700HQ 2.6GHz,"1799,00"
Intel Core i7 7700HQ 2.8GHz,"3072,89"
Intel Core i5 7200U 2.5GHz,"910,00"
Intel Core i5 7200U 2.5GHz,"713,99"
Intel Core i7 6500U 2.5GHz,"1870,00"
Intel Core i7 7500U 2.7GHz,"739,00"
Intel Celeron Dual Core N3350 1.1GHz,"615,00"
Intel Core i5 6200U 2.3GHz,"1026,00"
Intel Core i5 7200U 2.5GHz,"2277,00"
Intel Core i7 6500U 2.5GHz,"1468,00"
Intel Celeron Dual Core N3060 1.6GHz,"299,00"
Intel Core i7 7700HQ 2.8GHz,"1899,00"
Intel Core i7 7500U 2.7GHz,"865,00"
Intel Core i7 7700HQ 2.8GHz,"1903,00"
Intel Core i7 7500U 2.7GHz,"787,00"
Intel Core i5 7200U 2.5GHz,"945,00"
Intel Pentium Quad Core N4200 1.1GHz,"449,00"
Intel Core i7 7600U 2.8GHz,"2559,00"
Intel Core i5 6200U 2.3GHz,"649,00"
Intel Core i3 6006U 2.0GHz,"469,00"
Intel Core i5 7200U 2.5GHz,"850,66"
Intel Core i5 7300U 2.6GHz,"1349,00"
Intel Core i5 7200U 2.5GHz,"1285,00"
Intel Core i5 7300HQ 2.5GHz,"1017,00"
Intel Core i7 7660U 2.5GHz,"2240,00"
Intel Core i5 6200U 2.3GHz,"910,00"
Intel Core i5 6200U 2.3GHz,"1095,00"
Intel Core i7 7500U 2.7GHz,"1950,00"
Intel Core i5 7200U 2.5GHz,"902,00"
Intel Core i7 7700HQ 2.8GHz,"1778,00"
Intel Core i5 7200U 2.5GHz,"1055,00"
Intel Core i3 6006U 2GHz,"479,00"
Intel Core i7 7500U 2.7GHz,"1388,00"
Intel Core i3 7100U 2.4GHz,"735,00"
Intel Core i7 7500U 2.7GHz,"1849,00"
Intel Core i7 7600U 2.8GHz,"1690,00"
Intel Pentium Quad Core N4200 1.1GHz,"398,99"
Intel Core i5 6200U 2.3GHz,"935,00"
Intel Core i5 7200U 2.5GHz,"912,50"
Intel Core i5 7200U 2.5GHz,"839,00"
Intel Core i5 7200U 2.5GHz,"1700,00"
Intel Core i5 7200U 2.5GHz,"684,80"
Intel Celeron Dual Core N3350 1.1GHz,"348,00"
Intel Core i7 6500U 2.5GHz,"669,00"
Intel Pentium Quad Core N3710 1.6GHz,"369,00"
Intel Core i5 7200U 2.5GHz,"1799,00"
Intel Core i3 6006U 2.0GHz,"455,70"
Intel Core i5 7300HQ 2.5GHz,"1369,90"
Intel Celeron Dual Core N3060 1.6GHz,"297,00"
AMD A4-Series 7210 2.2GHz,"379,00"
Intel Core i5 7200U 2.5GHz,"1265,00"
Intel Core i7 7500U 2.7GHz,"1399,00"
Intel Core i7 7500U 2.7GHz,"1699,00"
Intel Core i5 7200U 2.5GHz,"1799,00"
Intel Core i7 6700HQ 2.6GHz,"2649,00"
Intel Core i5 7200U 2.5GHz,"1475,00"
Intel Core i7 7700HQ 2.8GHz,"929,00"
Intel Core i7 7500U 2.7GHz,"900,00"
Intel Core i3 6006U 2.0GHz,"614,00"
Intel Core i5 7300U 2.6GHz,"935,00"
Intel Core i7 7Y75 1.3GHz,"2013,10"
Intel Core i7 6820HK 2.7GHz,"1279,00"
Intel Core i7 7Y75 1.3GHz,"1649,00"
Intel Core i7 7500U 2.7GHz,"2049,00"
Intel Core i5 7200U 2.5GHz,"1962,99"
Intel Core i7 7500U 2.7GHz,"2099,00"
Intel Core i7 7500U 2.7GHz,"1483,00"
Intel Celeron Dual Core 3205U 1.5GHz,"359,00"
Intel Core i5 6300HQ 2.3GHz,"789,00"
Intel Core i7 7500U 2.7GHz,"1899,00"
Intel Core i5 7440HQ 2.8GHz,"1205,00"
Intel Core M 6Y75 1.2GHz,"3100,00"
Intel Core i7 7500U 2.7GHz,"789,00"
Intel Core i7 7500U 2.7GHz,"1018,99"
Intel Core i3 7100U 2.4GHz,"499,00"
Intel Core i5 7200U 2.5GHz,"881,00"
Intel Core i5 7200U 2.5GHz,"960,00"
Intel Core i7 7700HQ 2.8GHz,"1599,00"
Intel Core i7 7700HQ 2.8GHz,"1349,00"
Intel Core i5 7300HQ 2.5GHz,"1119,91"
Intel Core i5 7200U 2.5GHz,"684,99"
Intel Core i7 6500U 2.5GHz,"1296,99"
Intel Core i7 7500U 2.7GHz,"1149,00"
Intel Core i7 6600U 2.6GHz,"1975,00"
Intel Core i5 7200U 2.5GHz,"1825,00"
Intel Core i5 6200U 2.3GHz,"729,90"
Intel Core i7 7500U 2.7GHz,"1650,00"
Intel Core i5 6200U 2.3GHz,"1165,00"
Intel Core i5 7200U 2.5GHz,"708,06"
Intel Core i5 6200U 2.3GHz,"1149,00"
Intel Pentium Quad Core N4200 1.1GHz,"309,00"
Intel Core i5 6200U 2.3GHz,"1579,00"
Intel Celeron Dual Core N3060 1.6GHz,"288,90"
Intel Core i7 6560U 2.2GHz,"1799,00"
Intel Core i5 6200U 2.3GHz,"1105,00"
Intel Core i5 6200U 2.3GHz,"1669,00"
Intel Core i3 6006U 2.0GHz,"558,60"
Intel Core i7 7700HQ 2.8GHz,"1199,00"
Intel Core i5 7200U 2.5GHz,"1639,00"
Intel Core i7 6820HK 2.7GHz,"2758,00"
Intel Core i5 6300HQ 2.3GHz,"1399,00"
Intel Pentium Quad Core N3710 1.6GHz,"530,00"
Intel Core i5 7200U 2.5GHz,"619,00"
Intel Core i5 6200U 2.3GHz,"1119,00"
Intel Core M m7-6Y75 1.2GHz,"1299,00"
AMD FX 8800P 2.1GHz,"999,00"
Intel Core i5 7200U 2.5GHz,"1472,20"
Intel Core i7 7500U 2.7GHz,"685,00"
Intel Core i3 6006U 2.0GHz,"659,00"
Intel Celeron Dual Core N3060 1.6GHz,"349,00"
Intel Core i7 6820HQ 2.7GHz,"2249,00"
Intel Core i7 7600U 2.8GHz,"1775,00"
Intel Core i5 6200U 2.3GHz,"1460,00"
Intel Core M M7-6Y75 1.2GHz,"1159,00"
Intel Core i7 6600U 2.6GHz,"1488,99"
Intel Core i7 7700HQ 2.8GHz,"3154,00"
Intel Core i5 7Y54 1.2GHz,"1899,00"
Intel Pentium Quad Core N4200 1.1GHz,"775,00"
Intel Core i7 6500U 2.5GHz,"1268,00"
Intel Celeron Dual Core N3060 1.6GHz,"389,00"
Intel Core i5 6300U 2.4GHz,"1535,00"
Intel Core i5 7300U 2.6GHz,"1760,00"
Intel Core i5 7200U 2.5GHz,"1009,00"
Intel Core i7 7500U 2.7GHz,"1790,00"
Intel Core i5 7200U 2.50GHz,"846,50"
Intel Core i3 6006U 2.0GHz,"465,62"
Intel Core i5 7200U 2.5GHz,"825,00"
Intel Core i3 7100U 2.4GHz,"685,00"
Intel Core i7 7700HQ 2.8GHz,"3149,00"
Intel Core i5 7200U 2.5GHz,"695,00"
Intel Core i7 7Y75 1.3GHz,"1899,00"
Intel Core i7 6600U 2.6GHz,"1962,98"
Intel Core i7 6700HQ 2.6GHz,"2800,00"
Intel Core i5 6200U 2.3GHz,"1180,00"
Intel Core i7 7700HQ 2.8GHz,"2049,90"
Intel Core i5 7200U 2.70GHz,"979,00"
Intel Core i5 6200U 2.3GHz,"1002,00"
Intel Core i7 7500U 2.7GHz,"1799,00"
Intel Core i7 7500U 2.7GHz,"579,00"
Intel Core i7 7700HQ 2.8GHz,"1749,00"
Intel Core i7 7500U 2.7GHz,"1299,00"
Intel Core i5 6200U 2.3GHz,"1195,00"
AMD A12-Series 9720P 3.6GHz,"549,00"
Intel Core i5 6200U 2.3GHz,"649,00"
Intel Core i5 6200U 2.3GHz,"915,00"
Intel Core i5 7200U 2.5GHz,"599,00"
Intel Core i5 7200U 2.5GHz,"806,00"
Intel Core i7 7700HQ 2.8GHz,"1189,00"
Intel Core i7 7500U 2.7GHz,"749,00"
Intel Core i5 7200U 2.5GHz,"1119,00"
Intel Core M 6Y75 1.2GHz,"1908,00"
Intel Core i3 6006U 2GHz,"499,00"
Intel Celeron Dual Core N3350 1.1GHz,"270,62"
Intel Core i5 6200U 2.3GHz,"1349,00"
Intel Core i5 7200U 2.5GHz,"889,00"
Intel Core i5 7200U 2.5GHz,"1150,00"
Intel Core i7 7500U 2.7GHz,"1349,00"
Intel Pentium Quad Core N4200 1.1GHz,"380,00"
Intel Core i7 7700HQ 2.8GHz,"1799,00"
Intel Core i7 7500U 2.7GHz,"2089,00"
Intel Core i7 7700HQ 2.8GHz,"1260,00"
Intel Core i5 7200U 2.5GHz,"1189,00"
Intel Core i3 7100U 2.4GHz,"547,00"
Intel Core i5 7200U 2.5GHz,"779,00"
Intel Core i5 6200U 2.3GHz,"1195,00"
Intel Core i5 6300U 2.4GHz,"1099,99"
Intel Core i5 7200U 2.5GHz,"1205,00"
Intel Core i7 6600U 2.6GHz,"1449,00"
Intel Core i5 7200U 2.5GHz,"1049,26"
Intel Core i3 7100U 2.4GHz,"684,00"
Intel Core i5 7300HQ 2.5GHz,"949,00"
Intel Core i5 7200U 2.5GHz,"1539,00"
Intel Core i5 7200U 2.5GHz,"1590,00"
Intel Core i7 6500U 2.5GHz,"1887,21"
Intel Core i3 7100U 2.4GHz,"800,00"
Intel Core i5 6200U 2.3GHz,"1210,00"
Intel Core i3 7100U 2.4GHz,"769,99"
Intel Core i7 6820HQ 2.7GHz,"2968,00"
Intel Core i5 6200U 2.3GHz,"1490,00"
Intel Core i7 6500U 2.5GHz,"2229,00"
Intel Core i3 6100U 2.3GHz,"795,99"
Intel Core i5 6200U 2.3GHz,"1590,00"
Intel Core i5 7200U 2.5GHz,"1149,00"
Intel Core i7 7500U 2.7GHz,"1185,43"
Intel Core i5 6300U 2.4GHz,"1046,44"
Intel Core i5 7200U 2.5GHz,"1559,00"
Intel Core i5 7200U 2.5GHz,"1189,00"
Intel Core i5 7200U 2.5GHz,"1060,00"
Intel Core i5 7200U 2.5GHz,"1624,00"
Intel Core i5 7200U 2.5GHz,"1080,00"
Intel Core i5 7200U 2.5GHz,"973,00"
AMD A9-Series 9420 3GHz,"409,00"
Intel Core i7 7700HQ 2.8GHz,"1191,80"
Intel Core i5 6200U 2.3GHz,"1195,00"
Intel Core i7 6500U 2.5GHz,"1228,99"
Intel Core i7 6500U 2.5GHz,"1349,00"
Intel Core i5 7200U 2.5GHz,"742,00"
Intel Core i7 6600U 2.6GHz,"1725,00"
Intel Core i5 6300U 2.4GHz,"1062,95"
Intel Core i5 7200U 2.5GHz,"1010,51"
Intel Core i7 6500U 2.5GHz,"847,00"
Intel Atom X5-Z8350 1.44GHz,"210,80"
Intel Core i7 6500U 2.5GHz,"1425,00"
Intel Core i5 6200U 2.3GHz,"1049,60"
Intel Core i5 6200U 2.3GHz,"1000,00"
Intel Core i5 6300U 2.4GHz,"2103,34"
Intel Core i5 6200U 2.3GHz,"1469,00"
Intel Core i7 6820HK 2.7GHz,"1545,64"
Intel Core i7 6700HQ 2.6GHz,"2289,99"
Intel Celeron Dual Core N3060 1.6GHz,"287,90"
Intel Core i7 6600U 2.6GHz,"2620,00"
Intel Core i7 7500U 2.7GHz,"979,00"
Intel Core i5 7200U 2.7GHz,"1094,00"
Intel Core i5 7200U 2.5GHz,"979,00"
Intel Core i7 7500U 2.7GHz,"2254,00"
Intel Core i3 6100U 2.3GHz,"705,15"
Intel Core i5 7200U 2.5GHz,"499,00"
AMD A8-Series 7410 2.2GHz,"449,00"
Intel Core i7 7500U 2.7GHz,"1299,00"
Intel Core i7 6700HQ 2.6GHz,"1819,00"
Intel Core i7 7500U 2.7GHz,"1070,00"
Intel Core i7 6700HQ 2.6GHz,"998,00"
Intel Core i5 7200U 2.5GHz,"559,00"
Intel Core i7 7500U 2.7GHz,"989,99"
Intel Core i7 6700HQ 2.6GHz,"1929,00"
Intel Core i7 7500U 2.7GHz,"1458,00"
Intel Core i7 6820HK 2.7GHz,"3975,00"
Intel Core i7 6500U 2.5GHz,"798,01"
Intel Core i7 6700HQ 2.6GHz,"1329,00"
Intel Core M 1.1GHz,"1300,00"
Intel Core i3 6100U 2.3GHz,"481,98"
Intel Core i5 6200U 2.3GHz,"1199,00"
Intel Core i5 6200U 2.3GHz,"1199,00"
Intel Core i7 7500U 2.7GHz,"1090,00"
Intel Core i7 6500U 2.5GHz,"1713,49"
Intel Core i5 6200U 2.3GHz,"659,00"
Intel Core i5 6300HQ 2.3GHz,"977,00"
Intel Core i7 7700HQ 2.8GHz,"2499,00"
Intel Core i5 6200U 2.3GHz,"540,00"
Intel Core i5 6200U 2.3GHz,"940,00"
Intel Core M 6Y75 1.2GHz,"1399,00"
Intel Core i7 6820HK 2.7GHz,"3240,00"
Intel Atom x5-Z8550 1.44GHz,"646,27"
Intel Core i7 7500U 2.7GHz,"2049,00"
Intel Core i5 7200U 2.5GHz,"750,00"
Intel Core i5 6200U 2.3GHz,"1030,99"
Intel Core i7 6500U 2.5GHz,"1495,00"
Intel Core i5 6200U 2.3GHz,"1199,00"
Intel Pentium Dual Core 4405Y 1.5GHz,"615,00"
AMD A8-Series 7410 2.2GHz,"387,00"
Intel Pentium Quad Core N3700 1.6GHz,"393,49"
Intel Core i3 6006U 2GHz,"345,99"
Intel Core i7 7700HQ 2.8GHz,"1599,00"
Intel Core i5 8250U 1.6GHz,"818,35"
Intel Core i5 6200U 2.3GHz,"1599,00"
Intel Core i5 7200U 2.5GHz,"799,00"
Intel Core i5 7200U 2.5GHz,"638,80"
Intel Core i7 6700HQ 2.6GHz,"1599,00"
Intel Pentium Quad Core N3710 1.6GHz,"500,00"
Intel Core i7 6700HQ 2.6GHz,"2299,00"
Intel Core i3 6100U 2.3GHz,"1135,15"
Intel Core i3 6100U 2.3GHz,"1166,97"
Intel Celeron Dual Core 3205U 1.5GHz,"209,00"
Intel Core i7 6700HQ 2.6GHz,"2899,00"
Intel Core i7 7700HQ 2.8GHz,"1199,00"
Intel Core i5 6200U 2.3GHz,"1413,10"
Intel Core i7 6700HQ 2.6GHz,"1511,19"
Intel Core i5 6200U 2.3GHz,"867,00"
AMD A6-Series 9220 2.5GHz,"398,00"
Intel Core i7 6700HQ 2.6GHz,"1339,00"
Intel Core M 6Y54 1.1GHz,"1699,00"
Intel Core i5 6200U 2.3GHz,"769,15"
Intel Core i3 6006U 2.0GHz,"429,00"
Intel Core i7 6500U 2.5GHz,"1969,00"
Intel Atom x5-Z8550 1.44GHz,"549,00"
Intel Core i7 7560U 2.4GHz,"1379,00"
Intel Core i7 6820HK 2.7GHz,"2749,99"
Intel Core i7 6500U 2.5GHz,"1029,00"
Intel Core i7 7500U 2.7GHz,"2226,00"
Intel Core i7 6700HQ 2.6GHz,"1312,49"
Intel Atom X5-Z8350 1.44GHz,"196,00"
Intel Core i5 6200U 2.3GHz,"1690,00"
Intel Core i5 6200U 2.3GHz,"1513,00"
Intel Core i5 6200U 2.3GHz,"523,63"
Intel Core i3 7100U 2.4GHz,"435,00"
Intel Core i7 6500U 2.5GHz,"1669,00"
Intel Atom x5-Z8550 1.44GHz,"479,00"
Intel Core i5 6300U 2.4GHz,"1895,00"
Intel Core i5 7300HQ 2.5GHz,"989,00"
Intel Core i5 6300HQ 2.3GHz,"1129,00"
Intel Core i7 7500U 2.7GHz,"629,00"
Intel Core i7 6600U 2.6GHz,"2050,38"
Intel Celeron Dual Core N3350 1.1GHz,"278,00"
Intel Core i7 7500U 2.7GHz,"752,00"
Intel Core i5 7200U 2.5GHz,"616,00"
Intel Core i7 6500U 2.5GHz,"1099,00"
Intel Core i7 6700HQ 2.6GHz,"3949,40"
Intel Core i5 7200U 2.5GHz,"784,00"
Intel Core i7 6820HQ 2.7GHz,"2399,00"
Intel Core i7 6500U 2.5GHz,"2171,72"
Intel Core i7 6600U 2.6GHz,"2440,00"
Intel Core i7 7700HQ 2.8GHz,"1142,80"
Intel Core i5 6300U 2.4GHz,"1629,00"
Intel Core i7 6700HQ 2.6GHz,"2229,00"
Intel Core i7 6600U 2.6GHz,"1799,00"
Intel Core i7 6700HQ 2.6GHz,"1899,00"
Intel Core i7 6500U 2.50GHz,"2296,95"
Intel Core i7 7500U 2.7GHz,"1009,90"
Intel Core i5 6200U 2.3GHz,"1579,00"
Intel Core i7 6500U 2.5GHz,"2339,00"
Intel Core i3 6006U 2.0GHz,"339,00"
AMD E-Series 7110 1.8GHz,"297,00"
Intel Core i5 6200U 2.3GHz,"599,00"
Intel Core i7 7700HQ 2.8GHz,"1199,00"
Intel Core i5 6300HQ 2.3GHz,"2250,68"
AMD A6-Series A6-9220 2.5GHz,"478,89"
Intel Core i7 7700HQ 2.8GHz,"1492,80"
Intel Core i7 6600U 2.6GHz,"2299,00"
Intel Core i5 6200U 2.3GHz,"788,49"
Intel Core i7 6600U 2.6GHz,"2041,00"
Intel Core i7 6600U 2.6GHz,"1499,00"
Intel Core i7 6700HQ 2.6GHz,"1769,00"
Intel Core i7 7700HQ 2.8GHz,"899,00"
Intel Core i3 6006U 2.0GHz,"459,00"
Intel Core i5 6200U 2.3GHz,"476,99"
Intel Core i7 7700HQ 2.8GHz,"1498,00"
Intel Core i5 7200U 2.5GHz,"1390,00"
Intel Core i3 6006U 2GHz,"468,00"
Intel Celeron Dual Core N3060 1.6GHz,"249,00"
Intel Core i7 7500U 2.7GHz,"839,00"
Intel Core i7 6500U 2.5GHz,"679,00"
Intel Core i7 8550U 1.8GHz,"1159,00"
Intel Celeron Dual Core N3050 1.6GHz,"369,00"
Intel Core i5 6200U 2.3GHz,"398,00"
Intel Core i7 7500U 2.7GHz,"709,00"
Intel Core i3 7100U 2.4GHz,"769,00"
Intel Core i7 6500U 2.5GHz,"825,00"
Intel Core i7 6700HQ 2.6GHz,"1305,00"
Intel Core i7 6700HQ 2.6GHz,"2153,37"
Intel Core i3 6100U 2.3GHz,"650,00"
Intel Core i5 6200U 2.3GHz,"1637,00"
Intel Core i7 7500U 2.7GHz,"831,00"
Intel Core i7 7500U 2.7GHz,"895,01"
Intel Celeron Dual Core N3350 2GHz,"333,00"
Intel Core i7 6700HQ 2.6GHz,"799,00"
Intel Core i7 6700HQ 2.6GHz,"909,00"
Intel Core i7 7500U 2.7GHz,"1179,00"
Intel Core i5 7200U 2.5GHz,"691,00"
Intel Core i5 6300U 2.4GHz,"1099,00"
Intel Core i7 7700HQ 2.8GHz,"2599,00"
Intel Core i5 7300HQ 2.5GHz,"819,00"
Samsung Cortex A72&A53 2.0GHz,"659,00"
Intel Core i5 7200U 2.5GHz,"485,00"
Intel Core M 1.1GHz,"1163,00"
Intel Core i5 7200U 2.5GHz,"1199,00"
Intel Core i7 7700HQ 2.8GHz,"1327,00"
Intel Core i3 6006U 2GHz,"368,00"
Intel Core i7 6700HQ 2.6GHz,"2150,00"
Intel Celeron Dual Core N3350 2GHz,"272,00"
Intel Core i7 7700HQ 2.8GHz,"2048,90"
Intel Core i3 6006U 2.0GHz,"499,00"
Intel Core i7 6500U 2.5GHz,"629,00"
Intel Core i7 8550U 1.8GHz,"1285,00"
Intel Core i7 7500U 2.7GHz,"2680,00"
Intel Core i7 6700HQ 2.6GHz,"1169,00"
Intel Core i5 7200U 2.5GHz,"889,00"
Intel Core i5 7200U 2.5GHz,"579,00"
AMD E-Series 9000 2.2GHz,"299,00"
Intel Core i3 6006U 2.0GHz,"629,00"
Intel Core i7 7700HQ 2.8GHz,"2449,00"
Intel Core M 1.2GHz,"1279,00"
Intel Core i7 7700HQ 2.8GHz,"1749,00"
Intel Core i7 6700HQ 2.6GHz,"1948,99"
Intel Core i5 7200U 2.5GHz,"999,00"
Intel Core i7 7700HQ 2.8GHz,"1949,00"
Intel Celeron Dual Core 3205U 1.5GHz,"174,00"
Intel Core i3 6006U 2GHz,"598,00"
Intel Core i5 7200U 2.5GHz,"539,00"
Intel Core i7 6700HQ 2.6GHz,"1272,00"
Intel Core i7 7Y75 1.3GHz,"1149,00"
Intel Core i7 6600U 2.6GHz,"1529,00"
Intel Core i7 6700HQ 2.6GHz,"1476,11"
AMD A12-Series 9720P 2.7GHz,"529,00"
Intel Core i5 6300U 2.4GHz,"1713,37"
Intel Core i3 7100U 2.4GHz,"509,00"
Intel Pentium Quad Core N3710 1.6GHz,"309,00"
Intel Core i7 7500U 2.7GHz,"1477,00"
Intel Core i5 7200U 2.5GHz,"521,86"
Intel Core i7 6700HQ 2.6GHz,"1029,00"
Intel Core i7 7700HQ 2.8GHz,"1149,00"
Intel Core i7 6500U 2.50GHz,"1650,00"
Intel Core i7 7700HQ 2.8GHz,"3499,00"
Intel Core i3 7100U 2.4GHz,"469,01"
Intel Core i7 7700HQ 2.8GHz,"1598,00"
Intel Core i5 1.6GHz,"959,00"
Intel Core i3 6006U 2GHz,"478,00"
Intel Core i7 6500U 2.5GHz,"2198,19"
Intel Core i5 6200U 2.3GHz,"737,00"
Intel Core i7 6700HQ 2.6GHz,"1169,00"
Intel Core i7 7500U 2.7GHz,"1499,00"
AMD A12-Series 9720P 3.6GHz,"597,57"
Intel Core i7 6500U 2.5GHz,"1280,00"
Intel Core i3 6006U 2.0GHz,"361,80"
Intel Core i7 7500U 2.7GHz,"1799,00"
Intel Core i5 6200U 2.3GHz,"1099,99"
Intel Core i7 7700HQ 2.8GHz,"1600,00"
Intel Core i5 7200U 2.5GHz,"875,00"
Intel Core i7 6700HQ 2.6GHz,"2325,00"
Intel Core i5 7200U 2.5GHz,"573,00"
Intel Core i5 7Y54 1.2GHz,"1813,00"
Intel Pentium Quad Core N3710 1.6GHz,"324,00"
AMD A6-Series 9220 2.5GHz,"399,00"
Intel Core i3 6100U 2.3GHz,"569,00"
Intel Core i5 6200U 2.3GHz,"1072,00"
Intel Pentium Quad Core N3700 1.6GHz,"443,99"
Intel Celeron Dual Core N3350 1.1GHz,"339,00"
Intel Core i7 6700HQ 2.6GHz,"1900,00"
Intel Core i3 6006U 2GHz,"490,00"
Intel Core i7 6500U 2.5GHz,"895,00"
Intel Core i7 6700HQ 2.6GHz,"1229,00"
Intel Core i5 6200U 2.3GHz,"833,01"
Intel Core M 6Y30 0.9GHz,"729,00"
Intel Core i3 7100U 2.4GHz,"459,00"
Intel Celeron Dual Core N3060 1.6GHz,"289,00"
Intel Celeron Dual Core N3050 1.6GHz,"379,00"
Intel Core i7 6700HQ 2.6GHz,"899,00"
AMD A9-Series 9410 2.9GHz,"549,99"
Intel Core i7 7500U 2.7GHz,"805,99"
Intel Celeron Dual Core N3060 1.6GHz,"209,00"
Intel Core i7 6500U 2.5GHz,"720,32"
Intel Core i7 6500U 2.5GHz,"638,00"
Intel Core i7 6500U 2.5GHz,"1499,00"
Intel Celeron Dual Core N3050 1.6GHz,"229,00"
Intel Core i7 6500U 2.5GHz,"764,00"
Intel Celeron Dual Core N3050 1.6GHz,"369,00"
Intel Core M 6Y30 0.9GHz,"729,00"
Intel Core i3 7100U 2.4GHz,"459,00"
Intel Celeron Dual Core N3060 1.6GHz,"289,00"
Intel Celeron Dual Core N3050 1.6GHz,"379,00"
Intel Core i7 6700HQ 2.6GHz,"899,00"
AMD A9-Series 9410 2.9GHz,"549,99"
Intel Core i7 7500U 2.7GHz,"805,99"
Intel Celeron Dual Core N3060 1.6GHz,"209,00"
Intel Core i7 6500U 2.5GHz,"720,32"
Intel Core i7 6500U 2.5GHz,"638,00"
Intel Core i7 6500U 2.5GHz,"1499,00"
Intel Celeron Dual Core N3050 1.6GHz,"229,00"
Intel Core i7 6500U 2.5GHz,"764,00"
Intel Celeron Dual Core N3050 1.6GHz,"369,00"
Intel Core M 6Y30 0.9GHz,"729,00"
Intel Core i3 7100U 2.4GHz,"459,00"
Intel Celeron Dual Core N3060 1.6GHz,"289,00"
Intel Celeron Dual Core N3050 1.6GHz,"379,00"
Intel Core i7 6700HQ 2.6GHz,"899,00"
AMD A9-Series 9410 2.9GHz,"549,99"
Intel Core i7 7500U 2.7GHz,"805,99"
Intel Celeron Dual Core N3060 1.6GHz,"209,00"
Intel Core i7 6500U 2.5GHz,"720,32"
Intel Core i7 6500U 2.5GHz,"638,00"
Intel Core i7 6500U 2.5GHz,"1499,00"
Intel Celeron Dual Core N3050 1.6GHz,"229,00"
Intel Core i7 6500U 2.5GHz,"764,00"
Intel Celeron Dual Core N3050 1.6GHz,"369,00"
